{"type":"service_account","project_id":"rps64-63d8d","private_key_id":"30c0495e7e6cf8ae78a866872f73cf0202af1a56","private_key":"-----BEGIN PRIVATE KEY-----\\nMIIEvgIBADANBgkqhkiG9w0BAQEFAASCBKgwggSkAgEAAoIBAQC0UCVtKYTq6oRx\\n5cpGMZhbyT7xXohMZclBWQergOBtttC5NXzY7fh/cSe1cEMCd58Wo92R7YSo4JxN\\nuA3u+e5ZTEgZ8ahjDC6VU5xwsfE/Le2Bwt6kHzrLddnpip39DULL/iFDmGigDwIn\\nj0vTcZwDudbX/l5oY5phiRiU5NSJZM60Ah47UM0P9QtqU9LKlJsuv59fZXyqrmMw\\4iRwutiDG6rcdtjGhXbp2Z2dPTTbarGtkZFQfDKcrgbwy2ThT/xQAyyIvYE1EBeN\\nySv/r3jtDkdBRKU8LMpcJLTx3kl9eh8us7+e53tVBAnZeR6ch7WRscyx8AO4ab/9\\nrTZGUg6HAgMBAAECggEATdDExh6D8UmyTOEpcS+YHAx2sH3mfmny99OvPrGIqXCb\\nFULjFU9lzcIMq/29vYPYUVH4njCN7r+4VMYYpUiRN1J3T1L+I3ivZdxGiFAS1/w/\\nIp/xq4yauBGtMF+VHQ8rA5Qx0NUmWeUAPghWZfMCrIz4DhEFtzE8/9jFlgRHQN9Z\\n1mJNMI4/NbN6/otfW3Gh6wpyGmhsKsbeUAheSeg0cidGvnCs6VOGcy71UftYVyeo\\nzyyYBTxTVMZ+dXCWakM3xTD99FD3cfNK7/1nFl8tWuMtE9V/695bXDj5FUXJU9Dk\\nRj5iWSlGtpYOJ/OaEBMyzOm0cD0Sl2VqnSxlEafuuQKBgQDeB9hNEW2dElqs1U+s\\n8q1TW0InTVsDE9nMk1231hYmYcrNIrez8GZh5HL1QdgW6iJLU0DUWHTeA4Wm0nQ/\\nAPJ0fLoi0jJinITrpuMRyjFXX3xJUqS9EGHb/YKRuSbd35L17yeWRQN8Ib24qtV7\\nTs1xF9xKr1MyQgaflohDUxnm5QKBgQDP5l8Y5/ZcQumEdjz7d2zI+V3n1EBhNkdz\\nD/mLzToc2gVOYaxJZRfMO4rpsw0wYnqy2PMSofJqqiPB1CVZPoxYDrpS2GoVi5We\\nJ6Y3ktrv8RzLiLNxJrZdRVmPl2dyMROKCIlOE6DRl3dnsWEjKD5WUv/BqPQ/OWYj\\n/a/LfqM8+wKBgQCQWodd6/PZSGKdtf4cUpcv98g150xB3vke0bz/1fgGslP5NRY8\\nrhLSmIXJQSruEwGC+bjPlkc9RQrzICcmA0afR6x5ETJi/KJK1/EP0uZriRA0V7/1\\nkB4ful3Wwosre71/miKhx3LxlLpVwvQTPHPDkKDQCddMeLL3tRYYt4HCpQKBgFcY\\n7D5C77M3VR1pa6LuJWUNE4pMIayYUNajmqg3EmGD9TUhNkyJTa8CQvAlUyEyILVM\\nrojfz+9f2BscBYmd6q35fZW3lLnyAHyBn+EoZRCgsq+SVZrR3RS2OQ8vHud4J/ds\\nHBnZn0YvbpbCeS+BbJw9qWg4oBrcsS3i2gMmyryBAoGBAIk+WA05WGO0X9HSGd+9\\nsP58vJGPwQZRPLFfPtxNpLe/kxMtbzpqA9PLAzMw+AKDm4ikHxomsOA7+OSNmMz7\\nWAjrCpznBS89ZC9BOAHTY7PQMfb9Rmyfg36VuhQ66YbvK4uxhef61bn+Z4ildtJP\\nHzR9uqFgEZ7hw1jFANqaAJ8c\\n-----END PRIVATE KEY-----\\n","client_email":"firebase-adminsdk-fbsvc@rps64-63d8d.iam.gserviceaccount.com","client_id":"107805088005847654895","auth_uri":"https://accounts.google.com/o/oauth2/auth","token_uri":"https://oauth2.googleapis.com/token","auth_provider_x509_cert_url":"https://www.googleapis.com/oauth2/v1/certs","client_x509_cert_url":"https://www.googleapis.com/robot/v1/metadata/x509/firebase-adminsdk-fbsvc%40rps64-63d8d.iam.gserviceaccount.com","universe_domain":"googleapis.com"}
